artist,genre,country,url
NACKA FORUM,21st Century Modern / Avant-Garde Jazz,Sweden,http://www.jazzmusicarchives.com/artist/nacka-forum
ZBIGNIEW NAMYSŁOWSKI,Post Bop / Fusion / World Fusion / Third Stream / Post-Fusion Contemporary / Avant-Garde Jazz,Poland,http://www.jazzmusicarchives.com/artist/zbigniew-namysłowski
BUELL NEIDLINGER,Avant-Garde Jazz / Third Stream,United States,http://www.jazzmusicarchives.com/artist/buell-neidlinger
NIMBUS,Jazz Related Rock,Germany,http://www.jazzmusicarchives.com/artist/nimbus
ALESSANDRO NOBILE,Avant-Garde Jazz / 21st Century Modern,Italy,http://www.jazzmusicarchives.com/artist/alessandro-nobile
NEW VOCABULARY,Avant-Garde Jazz,United States,http://www.jazzmusicarchives.com/artist/new-vocabulary
ZAID NASSER,Bop,United States,http://www.jazzmusicarchives.com/artist/zaid-nasser
NO BS! BRASS,Eclectic Fusion,United States,http://www.jazzmusicarchives.com/artist/no-bs-brass
NORCHESTRA,Third Stream,Norway,http://www.jazzmusicarchives.com/artist/norchestra
SALLY NIGHT,Vocal Jazz,United Kingdom,http://www.jazzmusicarchives.com/artist/sally-night
NAKED DANCE!,21st Century Modern / Avant-Garde Jazz,United States,http://www.jazzmusicarchives.com/artist/naked-dance
NEW SIMPLICITY TRIO,Post-Fusion Contemporary,United Kingdom,http://www.jazzmusicarchives.com/artist/new-simplicity-trio
TOMOYOSHI NAKAMURA,Vocal Jazz / Post Bop / Hard Bop,Japan,http://www.jazzmusicarchives.com/artist/tomoyoshi-nakamura
JOE NEWMAN,Swing / Hard Bop,United States,http://www.jazzmusicarchives.com/artist/joe-newman
THE NEW YORK ALL STAR BIG BAND,Big Band,United States,http://www.jazzmusicarchives.com/artist/the-new-york-all-star-big-band
PAUL NEDZELA,Hard Bop,United States,http://www.jazzmusicarchives.com/artist/paul-nedzela
NEW ORLEANS NIGHTCRAWLERS,Original New Orleans Jazz,United States,http://www.jazzmusicarchives.com/artist/new-orleans-nightcrawlers
LIAM NOBLE,21st Century Modern / Post Bop / Avant-Garde Jazz,United Kingdom,http://www.jazzmusicarchives.com/artist/liam-noble
NHEAP,Nu Jazz,Italy,http://www.jazzmusicarchives.com/artist/nheap
TEUS NOBEL,Fusion / Pop/Art Song/Folk / 21st Century Modern,Netherlands,http://www.jazzmusicarchives.com/artist/teus-nobel
LUCA NOSTRO,Fusion,Italy,http://www.jazzmusicarchives.com/artist/luca-nostro
ME'SHELL NDEGÉOCELLO,RnB / Pop/Art Song/Folk / Nu Jazz / Jazz Related Electronica/Hip-Hop,Germany,http://www.jazzmusicarchives.com/artist/meshell-ndegeocello
RUSS NOLAN,Post Bop / Latin Jazz / Hard Bop,United States,http://www.jazzmusicarchives.com/artist/russ-nolan
CÆCILIE NORBY,Vocal Jazz / Third Stream / Pop/Art Song/Folk,Denmark,http://www.jazzmusicarchives.com/artist/caecilie-norby
NAMBY PAMBY BOY,Nu Jazz,Austria,http://www.jazzmusicarchives.com/artist/namby-pamby-boy
THE NECKS,Nu Jazz / Jazz Related Improv/Composition / Jazz Related Soundtracks,Australia,http://www.jazzmusicarchives.com/artist/the-necks
STEPHANIE NILLES,Vocal Jazz / Post Bop,United States,http://www.jazzmusicarchives.com/artist/stephanie-nilles
NEW FOCUS,Post-Fusion Contemporary,United Kingdom,http://www.jazzmusicarchives.com/artist/new-focus
NOISY MINORITY,Avant-Garde Jazz,Switzerland,http://www.jazzmusicarchives.com/artist/noisy-minority
JOHN L PROJECT THE NELSON,Hard Bop,United States,http://www.jazzmusicarchives.com/artist/the-john-l-nelson-project
NEW YORK UNIT,Post Bop / Hard Bop,Multi-National,http://www.jazzmusicarchives.com/artist/new-york-unit
THE NEVILLE BROTHERS,RnB,United States,http://www.jazzmusicarchives.com/artist/the-neville-brothers
ANIKA NILLES,Jazz Related Rock / Fusion,Germany,http://www.jazzmusicarchives.com/artist/anika-nilles
OLIVER NELSON,Big Band / Hard Bop / Soul Jazz / Post Bop / Jazz Related Soundtracks,United States,http://www.jazzmusicarchives.com/artist/oliver-nelson
JENS CHRISTIAN NIELSEN,Fusion,Denmark,http://www.jazzmusicarchives.com/artist/jens-christian-nielsen
THE / GEORGE WEIN & THE NEWPORT ALL-STARS NEWPORT JAZZ FESTIVAL ALL-STARS,Swing / Dixieland,United States,http://www.jazzmusicarchives.com/artist/the-newport-jazz-festival-all-stars-george-wein-and-the-newport-all-stars
STEPHANIE NAKASIAN,Vocal Jazz,United States,http://www.jazzmusicarchives.com/artist/stephanie-nakasian
NEW STANDARD JAZZ ORCHESTRA,Big Band,United States,http://www.jazzmusicarchives.com/artist/new-standard-jazz-orchestra
ANTHONY E JR NELSON,Hard Bop,United States,http://www.jazzmusicarchives.com/artist/anthony-e-nelson-jr
NUYORICAN SOUL,RnB,United States,http://www.jazzmusicarchives.com/artist/nuyorican-soul
NOA,Jazz Related Rock,Japan,http://www.jazzmusicarchives.com/artist/noa
MARI NOBRE,Vocal Jazz,Italy,http://www.jazzmusicarchives.com/artist/mari-nobre
NO EXPLANATIONS,Pop/Art Song/Folk,United States,http://www.jazzmusicarchives.com/artist/no-explanations
KENNY NEAL,Blues,United States,http://www.jazzmusicarchives.com/artist/kenny-neal
ROGER NEUMANN,Big Band,United States,http://www.jazzmusicarchives.com/artist/roger-neumann
THE NORTH,Post-Fusion Contemporary,Multi-National,http://www.jazzmusicarchives.com/artist/the-north
GERARDO NÚÑEZ,Latin Jazz,Spain,http://www.jazzmusicarchives.com/artist/gerardo-nunez
NICKEL AND BRASS SEPTET,Post-Fusion Contemporary,United States,http://www.jazzmusicarchives.com/artist/nickel-and-brass-septet
YOUN SUN NAH,Vocal Jazz / Pop/Art Song/Folk,Korea,http://www.jazzmusicarchives.com/artist/youn-sun-nah
SCOTT NEUMANN,Fusion / Post Bop,United States,http://www.jazzmusicarchives.com/artist/scott-neumann
NICA GROUP,Fusion,Sweden,http://www.jazzmusicarchives.com/artist/nica-group
TÕNU NAISSOO,Hard Bop / Post Bop / Fusion / Post-Fusion Contemporary,Estonia,http://www.jazzmusicarchives.com/artist/tonu-naissoo
THE NEXT STEP QUINTET,Fusion,Greece,http://www.jazzmusicarchives.com/artist/the-next-step-quintet
NATURE,Eclectic Fusion,Ireland,http://www.jazzmusicarchives.com/artist/nature
CYRIL NEVILLE,RnB / Blues,United States,http://www.jazzmusicarchives.com/artist/cyril-neville
MAREK NAPIÓRKOWSKI,Fusion / Post-Fusion Contemporary / World Fusion / Jazz Related Soundtracks,Poland,http://www.jazzmusicarchives.com/artist/marek-napiorkowski
EVA NOVOA,21st Century Modern / Avant-Garde Jazz / Post-Fusion Contemporary / Post Bop,Spain,http://www.jazzmusicarchives.com/artist/eva-novoa
NORTHING,21st Century Modern,United States,http://www.jazzmusicarchives.com/artist/northing
NIAGARA,World Fusion,Germany,http://www.jazzmusicarchives.com/artist/niagara
NEW ORLEANS RHYTHM KINGS,Original New Orleans Jazz,United States,http://www.jazzmusicarchives.com/artist/new-orleans-rhythm-kings
JUDY NIEMACK,Vocal Jazz,United States,http://www.jazzmusicarchives.com/artist/judy-niemack
NIECHĘĆ,Nu Jazz,Poland,http://www.jazzmusicarchives.com/artist/niechec
KENGO NAKAMURA,Post-Fusion Contemporary / Post Bop,Japan,http://www.jazzmusicarchives.com/artist/kengo-nakamura(japan)
RED NICHOLS,Dixieland,United States,http://www.jazzmusicarchives.com/artist/red-nichols
RANDY NAPOLEON,Hard Bop / Soul Jazz / Post Bop,United States,http://www.jazzmusicarchives.com/artist/randy-napoleon
ALON NECHUSHTAN,Avant-Garde Jazz / Post Bop,Israel,http://www.jazzmusicarchives.com/artist/alon-nechushtan
NOW FREETURE,21st Century Modern,France,http://www.jazzmusicarchives.com/artist/now-freeture
SIMON NABATOV,Avant-Garde Jazz / Post Bop / Third Stream / Jazz Related Improv/Composition / 21st Century Modern / Latin Jazz,Russia,http://www.jazzmusicarchives.com/artist/simon-nabatov
OSCAR NORIEGA,21st Century Modern,United States,http://www.jazzmusicarchives.com/artist/oscar-noriega
NOSSA BOSSA NOVA,Latin Jazz / Bossa Nova,United States,http://www.jazzmusicarchives.com/artist/nossa-bossa-nova
JOE NEGRI,Hard Bop / Pop/Art Song/Folk / Latin Jazz,United States,http://www.jazzmusicarchives.com/artist/joe-negri
THOMAS NORDLUND,Jazz Related Rock,United States,http://www.jazzmusicarchives.com/artist/thomas-nordlund
ANDREW NEU,Pop/Art Song/Folk / Big Band,United States,http://www.jazzmusicarchives.com/artist/andrew-neu
NINE LAZY NINE (9 LAZY 9),Jazz Related Electronica/Hip-Hop,Italy,http://www.jazzmusicarchives.com/artist/9-lazy-9
NEW ORLEANS OWLS,Classic (1920s) Jazz,United States,http://www.jazzmusicarchives.com/artist/new-orleans-owls
NAKED RHYTHM,Jazz Related Electronica/Hip-Hop,United States,http://www.jazzmusicarchives.com/artist/naked-rhythm
NADAVATI,Fusion,France,http://www.jazzmusicarchives.com/artist/nadavati
JACKY NAYLOR,Progressive Big Band / Post Bop,United Kingdom,http://www.jazzmusicarchives.com/artist/jacky-naylor
TRICKY SAM NANTON,Classic (1920s) Jazz,United States,http://www.jazzmusicarchives.com/artist/tricky-sam-nanton
NEWS FROM PLANET KNIFFEN,Fusion,United States,http://www.jazzmusicarchives.com/artist/news-from-planet-kniffen
JANKO NILOVIĆ,Jazz Related Soundtracks / Exotica,Turkey,http://www.jazzmusicarchives.com/artist/janko-nilovic
NEW & USED,Avant-Garde Jazz,United States,http://www.jazzmusicarchives.com/artist/new-and-used
NUBIYAN TWIST,World Fusion / RnB,United Kingdom,http://www.jazzmusicarchives.com/artist/nubiyan-twist
CALVIN NEWBORN,Blues,United States,http://www.jazzmusicarchives.com/artist/calvin-newborn
HADAR NOIBERG,World Fusion,Israel,http://www.jazzmusicarchives.com/artist/hadar-noiberg
BODIL NISKA,Hard Bop / Post Bop,Norway,http://www.jazzmusicarchives.com/artist/bodil-niska
NOVA,Jazz Related Rock,Italy,http://www.jazzmusicarchives.com/artist/nova
ADAM NIEWOOD,Post Bop,United States,http://www.jazzmusicarchives.com/artist/adam-niewood
NEW RED ONION JAZZ BABIES,Dixieland,United States,http://www.jazzmusicarchives.com/artist/new-red-onion-jazz-babies
NAJPONK,Hard Bop / Soul Jazz,Ukraine,http://www.jazzmusicarchives.com/artist/najponk
GUILLERMO NOJECHOWICZ,Latin Jazz,Argentina,http://www.jazzmusicarchives.com/artist/guillermo-nojechowicz
NUCLEON,Avant-Garde Jazz,Poland,http://www.jazzmusicarchives.com/artist/nucleon
THE NICE,Jazz Related Rock / Third Stream,United Kingdom,http://www.jazzmusicarchives.com/artist/the-nice
NEWEN AFROBEAT,World Fusion,Chile,http://www.jazzmusicarchives.com/artist/newen-afrobeat
NEW YORK JAZZ QUARTET/NEW YORK JAZZ ENSEMBLE/NEW YORK QUARTET,Cool Jazz / Latin Jazz,United States,http://www.jazzmusicarchives.com/artist/new-york-jazz-quartetnew-york-jazz-ensemblenew-york-quartet
PHIL NAPOLEON,Dixieland / Classic (1920s) Jazz,United States,http://www.jazzmusicarchives.com/artist/phil-napoleon
NEAR EAST QUARTET (THE NEQ),Jazz Related Improv/Composition,Korea,http://www.jazzmusicarchives.com/artist/near-east-quartet-the-neq
FLORIN NICULESCU,Swing / Hard Bop,Romania,http://www.jazzmusicarchives.com/artist/florin-niculescu
BIG NICK NICHOLAS,Hard Bop,United States,http://www.jazzmusicarchives.com/artist/big-nick-nicholas
NAKAMA (US),Jazz Related Rock,United States,http://www.jazzmusicarchives.com/artist/nakama-us
NOUVELLE R,Fusion,Canada,http://www.jazzmusicarchives.com/artist/nouvelle-r
TERUO 中村照夫 NAKAMURA,Fusion / RnB / Post-Fusion Contemporary,Japan,http://www.jazzmusicarchives.com/artist/teruo-nakamura-中村照夫
NOISE IN YOUR EYE,Nu Jazz,United Kingdom,http://www.jazzmusicarchives.com/artist/noise-in-your-eye
SOICHI NORIKI,RnB / Post-Fusion Contemporary / Jazz Related Soundtracks / Fusion,Japan,http://www.jazzmusicarchives.com/artist/soichi-noriki
SAM NEWSOME,Avant-Garde Jazz / Jazz Related Improv/Composition / World Fusion / Post Bop / Hard Bop / Eclectic Fusion / 21st Century Modern,United States,http://www.jazzmusicarchives.com/artist/sam-newsome
TERKEL NØRGAARD,21st Century Modern,Denmark,http://www.jazzmusicarchives.com/artist/terkel-nørgaard
NIGHTPORTS,Jazz Related Improv/Composition,United Kingdom,http://www.jazzmusicarchives.com/artist/nightports
NATURE WORK,21st Century Modern,United States,http://www.jazzmusicarchives.com/artist/nature-work
ZÉ NOGUEIRA,Post-Fusion Contemporary / Latin Jazz,Brazil,http://www.jazzmusicarchives.com/artist/ze-nogueira
NEW AGE STEPPERS,Dub/Ska/Reggae,United Kingdom,http://www.jazzmusicarchives.com/artist/new-age-steppers
VADIM NESELOVSKYI,Third Stream / Post-Fusion Contemporary / 21st Century Modern,Ukraine,http://www.jazzmusicarchives.com/artist/vadim-neselovskyi
KEITH NICHOLS,Big Band / Stride Piano / Jazz Related Soundtracks / Ragtime / Dixieland / Vocal Jazz / Classic (1920s) Jazz,United Kingdom,http://www.jazzmusicarchives.com/artist/keith-nichols
NICHELLE NICHOLS,Exotica / Vocal Jazz,United States,http://www.jazzmusicarchives.com/artist/nichelle-nichols
JIMMY NOONE,Classic (1920s) Jazz,United States,http://www.jazzmusicarchives.com/artist/jimmy-noone
NEXT ORDER,Jazz Related Rock,Japan,http://www.jazzmusicarchives.com/artist/next-order
SAM NOTO,Hard Bop,United States,http://www.jazzmusicarchives.com/artist/sam-noto
ADAM NITTI,Fusion / Jazz Related Rock,United States,http://www.jazzmusicarchives.com/artist/adam-nitti
NÉBU,Post-Fusion Contemporary,Canada,http://www.jazzmusicarchives.com/artist/nebu
STEVE NELSON,Hard Bop / Post Bop,United States,http://www.jazzmusicarchives.com/artist/steve-nelson
FARNELL NEWTON,Hard Bop / RnB / Post Bop,United States,http://www.jazzmusicarchives.com/artist/farnell-newton
HERBIE PROJECT NICHOLS,Post Bop,United States,http://www.jazzmusicarchives.com/artist/the-herbie-nichols-project
NATIVE,Post-Fusion Contemporary,Japan,http://www.jazzmusicarchives.com/artist/native
NOWHERE,Fusion,France,http://www.jazzmusicarchives.com/artist/nowhere
NEFERTITI QUARTET,21st Century Modern / Fusion,France,http://www.jazzmusicarchives.com/artist/nefertiti-quartet
JOSH NELSON,Post-Fusion Contemporary / Post Bop,United States,http://www.jazzmusicarchives.com/artist/josh-nelson
ALBERT NICHOLAS,Dixieland / Swing / Original New Orleans Jazz / Big Band,United States,http://www.jazzmusicarchives.com/artist/albert-nicholas
NAISSBLUE,Hard Bop / Nu Jazz,Serbia,http://www.jazzmusicarchives.com/artist/naissblue
"DAVID ""FATHEAD"" NEWMAN",Soul Jazz / Post Bop,United States,http://www.jazzmusicarchives.com/artist/david-fathead-newman
SEAN NOONAN,Eclectic Fusion / Third Stream / Jazz Related Rock / Jazz Related Improv/Composition / World Fusion,United States,http://www.jazzmusicarchives.com/artist/sean-noonan
NADJE NOORDHUIS,Post-Fusion Contemporary,Australia,http://www.jazzmusicarchives.com/artist/nadje-noordhuis
ELSA NILSSON,Fusion / Eclectic Fusion / 21st Century Modern / Soul Jazz / Post-Fusion Contemporary / Post Bop / Jazz Related Rock / Jazz Education,Sweden,http://www.jazzmusicarchives.com/artist/elsa-nilsson
ZIM NGQAWANA,African Fusion,South Africa,http://www.jazzmusicarchives.com/artist/zim-ngqawana
PAAL NILSSEN-LOVE,Avant-Garde Jazz / Jazz Related Improv/Composition / Eclectic Fusion,Norway,http://www.jazzmusicarchives.com/artist/paal-nilssen-love
NANU URWERK,Fusion,Germany,http://www.jazzmusicarchives.com/artist/nanu-urwerk
NEW YORK ART QUARTET,Avant-Garde Jazz,United States,http://www.jazzmusicarchives.com/artist/new-york-art-quartet
NOTHIN' SIRIUS,Fusion,United States,http://www.jazzmusicarchives.com/artist/nothin-sirius
SEBASTIAN NOELLE,Fusion / 21st Century Modern,United States,http://www.jazzmusicarchives.com/artist/sebastian-noelle
LARRY NEWCOMB,Hard Bop / Swing,United States,http://www.jazzmusicarchives.com/artist/larry-newcomb
BERN NIX,Avant-Garde Jazz,United States,http://www.jazzmusicarchives.com/artist/bern-nix
NEW YORK JAZZ QUARTET,Hard Bop,United States,http://www.jazzmusicarchives.com/artist/new-york-jazz-quartet
MIHO NOBUZANE,Latin Jazz,Japan,http://www.jazzmusicarchives.com/artist/miho-nobuzane
NHX,Jazz Related Electronica/Hip-Hop,France,http://www.jazzmusicarchives.com/artist/nhx
NAMAZ,Fusion / Funk,Germany,http://www.jazzmusicarchives.com/artist/namaz
MARTY NAPOLEON,Swing,United States,http://www.jazzmusicarchives.com/artist/marty-napoleon
NORDIC CIRCLES,Post-Fusion Contemporary,Norway,http://www.jazzmusicarchives.com/artist/nordic-circles
NEW TROLLS ATOMIC SYSTEM,Jazz Related Rock / Fusion,Italy,http://www.jazzmusicarchives.com/artist/new-trolls-atomic-system
IVO NEAME,Post-Fusion Contemporary / Nu Jazz / Progressive Big Band,United Kingdom,http://www.jazzmusicarchives.com/artist/ivo-neame
NATIONAL YOUTH JAZZ ORCHESTRA,Progressive Big Band / Third Stream / Big Band,United Kingdom,http://www.jazzmusicarchives.com/artist/national-youth-jazz-orchestra
NOMO,World Fusion,United States,http://www.jazzmusicarchives.com/artist/nomo
BOBBY NAUGHTON,Avant-Garde Jazz / Post-Fusion Contemporary / Post Bop / 21st Century Modern,United States,http://www.jazzmusicarchives.com/artist/bobby-naughton
LINA NYBERG,Vocal Jazz,Sweden,http://www.jazzmusicarchives.com/artist/lina-nyberg
THE NADA,Fusion,Portugal,http://www.jazzmusicarchives.com/artist/the-nada
PEDRO NEGRESCU,Jazz Related Soundtracks / Cool Jazz,Romania,http://www.jazzmusicarchives.com/artist/pedro-negrescu
NED HOPER,Jazz Related Rock,Russia,http://www.jazzmusicarchives.com/artist/ned-hoper
NEW YORK SKA-JAZZ ENSEMBLE,Dub/Ska/Reggae,United States,http://www.jazzmusicarchives.com/artist/new-york-ska-jazz-ensemble
MAGGIE NICOLS,Jazz Related Improv/Composition / Vocal Jazz,United Kingdom,http://www.jazzmusicarchives.com/artist/maggie-nicols
TED (UNCLE) NASH,Swing / Pop/Art Song/Folk,United States,http://www.jazzmusicarchives.com/artist/ted-nash-uncle
ANDY NARELL,World Fusion,United States,http://www.jazzmusicarchives.com/artist/andy-narell
NETT DUO,Fusion,United States,http://www.jazzmusicarchives.com/artist/nett-duo
ROBERT NIGHTHAWK,Blues,United States,http://www.jazzmusicarchives.com/artist/robert-nighthawk
NEW YORK STANDARDS QUARTET,Post Bop / Hard Bop,United States,http://www.jazzmusicarchives.com/artist/new-york-standards-quartet
NSI QUARTET,21st Century Modern,Poland,http://www.jazzmusicarchives.com/artist/nsi-quartet
MAX NAGL,21st Century Modern / Avant-Garde Jazz / Jazz Related Improv/Composition / Third Stream / Eclectic Fusion,Austria,http://www.jazzmusicarchives.com/artist/max-nagl
"BENGT ""FRIPPE"" NORDSTROM",Avant-Garde Jazz,Sweden,http://www.jazzmusicarchives.com/artist/bengt-frippe-nordstrom
NATURAL FOOD,RnB,United States,http://www.jazzmusicarchives.com/artist/natural-food
ALLISON NEALE,Hard Bop / Cool Jazz,United States,http://www.jazzmusicarchives.com/artist/allison-neale
NEW YORK TRIO,Swing / Post-Fusion Contemporary / Post Bop / Hard Bop,United States,http://www.jazzmusicarchives.com/artist/new-york-trio
NUBLU ORCHESTRA CONDUCTED BY BUTCH MORRIS,Avant-Garde Jazz / Jazz Related Electronica/Hip-Hop / Eclectic Fusion / 21st Century Modern,United States,http://www.jazzmusicarchives.com/artist/nublu-orchestra-conducted-by-butch-morris
NOSTALGIA 77,Avant-Garde Jazz / Nu Jazz / Jazz Related Electronica/Hip-Hop / RnB / Post Bop / African Fusion / Acid Jazz / Hard Bop / Fusion / Dub/Ska/Reggae,United Kingdom,http://www.jazzmusicarchives.com/artist/nostalgia-77
HAILEY NISWANGER,RnB / Post Bop / Hard Bop,United States,http://www.jazzmusicarchives.com/artist/hailey-niswanger
NEW SWING SEXTET,Afro-Cuban Jazz,United States,http://www.jazzmusicarchives.com/artist/new-swing-sextet
PEPA NIEBLA,Vocal Jazz,Spain,http://www.jazzmusicarchives.com/artist/pepa-niebla
THE NATURAL YOGURT BAND,Acid Jazz,United Kingdom,http://www.jazzmusicarchives.com/artist/the-natural-yogurt-band
NEW FACES,Hard Bop,United States,http://www.jazzmusicarchives.com/artist/new-faces
TED NASH,Post Bop / Progressive Big Band / Hard Bop / Exotica / Vocal Jazz / Third Stream / Post-Fusion Contemporary,United States,http://www.jazzmusicarchives.com/artist/ted-nash-nephew
THE NEW WONDERS,Classic (1920s) Jazz,United States,http://www.jazzmusicarchives.com/artist/the-new-wonders
ISSEI NORO,Fusion,Japan,http://www.jazzmusicarchives.com/artist/issei-noro
NEW STANDARD QUINTET,Post Bop,United States,http://www.jazzmusicarchives.com/artist/new-standard-quintet
JIM NORTON,Progressive Big Band,United States,http://www.jazzmusicarchives.com/artist/jim-norton
DAVE NELSON,Classic (1920s) Jazz,United States,http://www.jazzmusicarchives.com/artist/dave-nelson
PAPA NOEL NEDULE,World Fusion,Congo,http://www.jazzmusicarchives.com/artist/papa-noel-nedule
NEW YORK VOICES,Pop/Art Song/Folk / Vocal Jazz,United States,http://www.jazzmusicarchives.com/artist/new-york-voices
NAKED,World Fusion,Serbia,http://www.jazzmusicarchives.com/artist/naked
TYSON NAYLOR,Post-Fusion Contemporary,Canada,http://www.jazzmusicarchives.com/artist/tyson-naylor
NOERTKER'S MOXIE,Progressive Big Band / Post Bop / Jazz Related Soundtracks,United States,http://www.jazzmusicarchives.com/artist/noertkers-moxie
NAJMA,World Fusion,United Kingdom,http://www.jazzmusicarchives.com/artist/najma
FRANKIE NEWTON,Swing,United States,http://www.jazzmusicarchives.com/artist/frankie-newton
NEZELHORNS,21st Century Modern,Multi-National,http://www.jazzmusicarchives.com/artist/nezelhorns
THE NEXT GENERATION OF SOUND,Fusion,Austria,http://www.jazzmusicarchives.com/artist/the-next-generation-of-sound
MIKE NOCK,Post-Fusion Contemporary / Fusion / Post Bop / Third Stream / Big Band,New Zealand,http://www.jazzmusicarchives.com/artist/mike-nock
NOUS PERÇONS LES OREILLES,Jazz Related Improv/Composition,Canada,http://www.jazzmusicarchives.com/artist/nous-percons-les-oreilles
NIR NAAMAN,Hard Bop,Israel,http://www.jazzmusicarchives.com/artist/nir-naaman
ARIANNA NEIKRUG,Vocal Jazz,United States,http://www.jazzmusicarchives.com/artist/arianna-neikrug
JACQUI NAYLOR,Vocal Jazz,United States,http://www.jazzmusicarchives.com/artist/jacqui-naylor
NDIO,Fusion,Netherlands,http://www.jazzmusicarchives.com/artist/ndio
LARRY NOZERO,Hard Bop / Post-Fusion Contemporary,United States,http://www.jazzmusicarchives.com/artist/larry-nozero
NOSTALGIA TRIO,Eclectic Fusion,Germany,http://www.jazzmusicarchives.com/artist/nostalgia-trio
NILS-CHRISTOPHER,Pop/Art Song/Folk,Germany,http://www.jazzmusicarchives.com/artist/nils-christopher
NIDO WORKSHOP,Avant-Garde Jazz,Italy,http://www.jazzmusicarchives.com/artist/nido-workshop
AURORA & THE ROYAL ROSES NEALAND,Dixieland / Original New Orleans Jazz,United States,http://www.jazzmusicarchives.com/artist/aurora-nealand-and-the-royal-roses
NAUGHTY PROFESSOR,Funk Jazz,United States,http://www.jazzmusicarchives.com/artist/naughty-professor
MICHEL NIRENBERG,Latin Jazz,Brazil,http://www.jazzmusicarchives.com/artist/michel-nirenberg
NEURAL CODE,Eclectic Fusion,Brazil,http://www.jazzmusicarchives.com/artist/neural-code
BRENDA NAVARETTE,Afro-Cuban Jazz,Cuba,http://www.jazzmusicarchives.com/artist/brenda-navarette
REBECCA NASH,Nu Jazz,United Kingdom,http://www.jazzmusicarchives.com/artist/rebecca-nash
NATURAL ESSENCE,RnB,United States,http://www.jazzmusicarchives.com/artist/natural-essence
NIKOLOV-IVANOVIĆ UNDECTET,Progressive Big Band,Multi-National,http://www.jazzmusicarchives.com/artist/nikolov-ivanovic-undectet
THE NEW YORK CONTEMPORARY FIVE,Avant-Garde Jazz,United States,http://www.jazzmusicarchives.com/artist/the-new-york-contemporary-five
SHAHIN NOVRASLI,Post Bop / World Fusion,Azerbaijan,http://www.jazzmusicarchives.com/artist/shahin-novrasli
CARLOS & FRIENDS NIÑO,Jazz Related Improv/Composition,United States,http://www.jazzmusicarchives.com/artist/carlos-nino-and-friends
DAVE NORMAN,Pop/Art Song/Folk / RnB,Canada,http://www.jazzmusicarchives.com/artist/dave-norman
CHINO NUNEZ,Latin Jazz,United States,http://www.jazzmusicarchives.com/artist/chino-nunez
MARK NAUSEEF,Jazz Related Improv/Composition / Avant-Garde Jazz / Eclectic Fusion / World Fusion / Jazz Related Rock,United States,http://www.jazzmusicarchives.com/artist/mark-nauseef
NÉRIJA,African Fusion,United Kingdom,http://www.jazzmusicarchives.com/artist/nerija
NINE HORSES (9 HORSES),Third Stream,United States,http://www.jazzmusicarchives.com/artist/nine-horses-9-horses
KEN NORDINE,Vocal Jazz,United States,http://www.jazzmusicarchives.com/artist/ken-nordine
NEON QUARTET,Post Bop,United Kingdom,http://www.jazzmusicarchives.com/artist/neon-quartet
NICOTINA ES PRIMAVERA,Eclectic Fusion,Argentina,http://www.jazzmusicarchives.com/artist/nicotina-es-primavera
SAMMY NESTICO,Big Band / Jazz Education,United States,http://www.jazzmusicarchives.com/artist/sammy-nestico
NEW WEST GUITAR GROUP,Post-Fusion Contemporary / Vocal Jazz,United States,http://www.jazzmusicarchives.com/artist/new-west-guitar-group
WALTER NORRIS,Post Bop / Post-Fusion Contemporary / Avant-Garde Jazz,United States,http://www.jazzmusicarchives.com/artist/walter-norris
NORI,Nu Jazz,United States,http://www.jazzmusicarchives.com/artist/nori
NATTRAFIK,Fusion,Sweden,http://www.jazzmusicarchives.com/artist/nattrafik
JOVINO SANTOS NETO,Latin Jazz,Brazil,http://www.jazzmusicarchives.com/artist/jovino-santos-neto
NUJABES,Jazz Related Electronica/Hip-Hop / Jazz Related Soundtracks,Japan,http://www.jazzmusicarchives.com/artist/nujabes
NEGRONI'S TRIO,Latin Jazz,Puerto Rico,http://www.jazzmusicarchives.com/artist/negronis-trio
MIKKEL NORDSØ,Fusion / World Fusion / Jazz Related Improv/Composition / Eclectic Fusion,Denmark,http://www.jazzmusicarchives.com/artist/mikkel-nordsø
MARIUS NESET,Eclectic Fusion / Third Stream / Nu Jazz / 21st Century Modern,Norway,http://www.jazzmusicarchives.com/artist/marius-neset
ANDERS AORTA NILSSON´S,Eclectic Fusion,Sweden,http://www.jazzmusicarchives.com/artist/anders-nilsson-s-aorta
NORTH AMERICA JAZZ ALLIANCE,Post Bop,Multi-National,http://www.jazzmusicarchives.com/artist/north-america-jazz-alliance
CURTIS NOWOSAD,Hard Bop,Canada,http://www.jazzmusicarchives.com/artist/curtis-nowosad
NEW ZION TRIO,Dub/Ska/Reggae,United States,http://www.jazzmusicarchives.com/artist/new-zion-trio
TIMOTHY NORTON,Post Bop,United States,http://www.jazzmusicarchives.com/artist/timothy-norton
HUBERT NUSS,Post Bop / 21st Century Modern,Germany,http://www.jazzmusicarchives.com/artist/hubert-nuss
NINE VOLT (9 VOLT),Eclectic Fusion,Multi-National,http://www.jazzmusicarchives.com/artist/9-volt
JAMES NEWTON,Avant-Garde Jazz / Third Stream / Post-Fusion Contemporary / Jazz Related Improv/Composition,United States,http://www.jazzmusicarchives.com/artist/james-newton
NEW ORLEANS SUSPECTS,RnB,United States,http://www.jazzmusicarchives.com/artist/new-orleans-suspects
BEBE NEUWIRTH,Pop/Art Song/Folk,United States,http://www.jazzmusicarchives.com/artist/bebe-neuwirth
NEXT COLLECTIVE,Fusion,United States,http://www.jazzmusicarchives.com/artist/next-collective
THE NEW JAZZ COMPOSERS OCTET,Hard Bop,United States,http://www.jazzmusicarchives.com/artist/the-new-jazz-composers-octet
PAUL (KLAUS DOLDINGER) NERO,Exotica,Germany,http://www.jazzmusicarchives.com/artist/paul-nero-klaus-doldinger
NOTILUS,Jazz Related Electronica/Hip-Hop,France,http://www.jazzmusicarchives.com/artist/notilus
SAL NISTICO,Hard Bop,United States,http://www.jazzmusicarchives.com/artist/sal-nistico
TONY NEWMAN,RnB,United Kingdom,http://www.jazzmusicarchives.com/artist/tony-newman
NO FILTER,Jazz Related Rock,Finland,http://www.jazzmusicarchives.com/artist/no-filter
NAJEE,Pop/Art Song/Folk / RnB,United States,http://www.jazzmusicarchives.com/artist/najee
NUCLEUS,Fusion / Jazz Related Rock,United Kingdom,http://www.jazzmusicarchives.com/artist/nucleus
MILTON NASCIMENTO,Latin Jazz / Pop/Art Song/Folk / Jazz Related Soundtracks,Brazil,http://www.jazzmusicarchives.com/artist/milton-nascimento
ROY NATHANSON,Avant-Garde Jazz / Progressive Big Band / Pop/Art Song/Folk / Jazz Related Soundtracks / Eclectic Fusion,United States,http://www.jazzmusicarchives.com/artist/roy-nathanson
ANDY TRIO NOWAK,Post-Fusion Contemporary,United Kingdom,http://www.jazzmusicarchives.com/artist/andy-nowak-trio
NG LA BANDA,Afro-Cuban Jazz,Cuba,http://www.jazzmusicarchives.com/artist/ng-la-banda
NJET NJET 9,Nu Jazz,Finland,http://www.jazzmusicarchives.com/artist/njet-njet-9
NO NETT,Fusion,Germany,http://www.jazzmusicarchives.com/artist/no-nett
EDUARD JAK QUARTET NEUMANN,Fusion,Romania,http://www.jazzmusicarchives.com/artist/eduard-jak-neumann-quartet
NADA,Fusion,Germany,http://www.jazzmusicarchives.com/artist/nada
NOVA COLLECTIVE,Eclectic Fusion,United States,http://www.jazzmusicarchives.com/artist/nova-collective
NOW VS NOW,Nu Jazz / Jazz Related Electronica/Hip-Hop,United States,http://www.jazzmusicarchives.com/artist/now-vs-now
NEXUS (TIZIANO TONONI & DANIELE CAVALLANTI NEXUS),21st Century Modern / Eclectic Fusion / Progressive Big Band / Fusion / Avant-Garde Jazz,Italy,http://www.jazzmusicarchives.com/artist/nexus-tiziano-tononi-and-daniele-cavallanti-nexus
NEVER ENOUGH HOPE,Eclectic Fusion,United States,http://www.jazzmusicarchives.com/artist/never-enough-hope
SEAN NEW LONDON BIG BAND NELSON'S,Big Band,United States,http://www.jazzmusicarchives.com/artist/sean-nelsons-new-london-big-band(united-states)
ED NEUMEISTER,Post Bop / Progressive Big Band,United States,http://www.jazzmusicarchives.com/artist/ed-neumeister
NADISHANA,World Fusion,Russia,http://www.jazzmusicarchives.com/artist/nadishana
JEF NEVE,Post-Fusion Contemporary / Jazz Related Soundtracks / Third Stream,Belgium,http://www.jazzmusicarchives.com/artist/jef-neve
NEW ORLEANS SWAMP DONKEYS,Original New Orleans Jazz / Vocal Jazz,United States,http://www.jazzmusicarchives.com/artist/new-orleans-swamp-donkeys
JULIAN NICHOLAS,Fusion / Hard Bop,United Kingdom,http://www.jazzmusicarchives.com/artist/julian-nicholas
NEW YORK ALL-STARS,Hard Bop,United States,http://www.jazzmusicarchives.com/artist/new-york-all-stars-feat-eric-alexander-and-harold-mabern
NATE NAJAR,Cool Jazz / Pop/Art Song/Folk / Latin Jazz / Swing / RnB,United States,http://www.jazzmusicarchives.com/artist/nate-najar
ABEL MARTON NAGY,Progressive Big Band / Fusion,Hungary,http://www.jazzmusicarchives.com/artist/abel-marton-nagy
THE NEW MOTIF,Funk Jazz,United States,http://www.jazzmusicarchives.com/artist/the-new-motif
NAK TRIO,Avant-Garde Jazz / 21st Century Modern,Poland,http://www.jazzmusicarchives.com/artist/nak-trio
KEN NAVARRO,Pop/Art Song/Folk,United States,http://www.jazzmusicarchives.com/artist/ken-navarro
MIKE NEER,Exotica,United States,http://www.jazzmusicarchives.com/artist/mike-neer
NIGHTHAWKS,Jazz Related Electronica/Hip-Hop / Nu Jazz,Germany,http://www.jazzmusicarchives.com/artist/nighthawks
NAKAMA (NORWAY),Avant-Garde Jazz / Jazz Related Improv/Composition,Norway,http://www.jazzmusicarchives.com/artist/nakama-norway
SAINKHO NAMTCHYLAK,Avant-Garde Jazz / Jazz Related Improv/Composition / Pop/Art Song/Folk / Jazz Related Soundtracks / Eclectic Fusion,Russia,http://www.jazzmusicarchives.com/artist/sainkho-namtchylak
FATS NAVARRO,Bop,United States,http://www.jazzmusicarchives.com/artist/fats-navarro
AARON NEVILLE,Pop/Art Song/Folk / RnB / Jazz Related Gospel / Vocal Jazz,United States,http://www.jazzmusicarchives.com/artist/aaron-neville
NAPALIS,Fusion,Netherlands,http://www.jazzmusicarchives.com/artist/napalis
NATURAL LIFE,Fusion,United States,http://www.jazzmusicarchives.com/artist/natural-life(united-states)
NATIONAL JAZZ ENSEMBLE,Big Band,United States,http://www.jazzmusicarchives.com/artist/national-jazz-ensemble
NANOT,Jazz Related Rock,Greece,http://www.jazzmusicarchives.com/artist/nanot
RAY NANCE,Swing,United States,http://www.jazzmusicarchives.com/artist/ray-nance
KYLE NASSER,Post Bop / Fusion,United States,http://www.jazzmusicarchives.com/artist/kyle-nasser
AIMEE NOLTE,Vocal Jazz,United States,http://www.jazzmusicarchives.com/artist/aimee-nolte
LENNIE NIEHAUS,Cool Jazz / Jazz Related Soundtracks,United States,http://www.jazzmusicarchives.com/artist/lennie-niehaus
JACK NIMITZ,Hard Bop,United States,http://www.jazzmusicarchives.com/artist/jack-nimitz
WILLIE NELSON,Pop/Art Song/Folk / Vocal Jazz / Jazz Related Gospel / Jazz Related Soundtracks / Blues,United States,http://www.jazzmusicarchives.com/artist/willie-nelson
NORTH MISSISSIPPI ALL-STARS,RnB / Jazz Related Rock / Blues / Pop/Art Song/Folk,United States,http://www.jazzmusicarchives.com/artist/north-mississippi-all-stars
NAKED TRUTH,Eclectic Fusion,United States,http://www.jazzmusicarchives.com/artist/naked-truth
KIM NALLEY,Vocal Jazz / Blues / RnB,United States,http://www.jazzmusicarchives.com/artist/kim-nalley
DEREK NASH,Hard Bop,United Kingdom,http://www.jazzmusicarchives.com/artist/derek-nash
KIM NAZARIAN,Vocal Jazz,United States,http://www.jazzmusicarchives.com/artist/kim-nazarian
AURORA NEALAND,Classic (1920s) Jazz / Avant-Garde Jazz,United States,http://www.jazzmusicarchives.com/artist/aurora-nealand
IGOR NAZARUK,Pop/Art Song/Folk / Third Stream / Fusion,Russia,http://www.jazzmusicarchives.com/artist/igor-nazaruk
PHINEAS JR. NEWBORN,Hard Bop,United States,http://www.jazzmusicarchives.com/artist/phineas-jr-newborn
SILJE NERGAARD,Pop/Art Song/Folk,Norway,http://www.jazzmusicarchives.com/artist/silje-nergaard
MORRIS NANTON,Soul Jazz / Pop/Art Song/Folk / Jazz Related Soundtracks,United States,http://www.jazzmusicarchives.com/artist/morris-nanton
NONCH HARPIN’,Fusion,United States,http://www.jazzmusicarchives.com/artist/nonch-harpin’
GARD NILSSEN,Avant-Garde Jazz / Progressive Big Band / 21st Century Modern,Norway,http://www.jazzmusicarchives.com/artist/gard-nilssen
PETER NELSON,Vocal Jazz / Post Bop,United States,http://www.jazzmusicarchives.com/artist/peter-nelson
NU BAND,Avant-Garde Jazz / 21st Century Modern,United States,http://www.jazzmusicarchives.com/artist/nu-band
DANIELLE (DANIELLE NICOLE SCHNEBELEN) NICOLE,RnB,United States,http://www.jazzmusicarchives.com/artist/danielle-nicole-danielle-nicole-schnebelen
NOLATET,21st Century Modern,United States,http://www.jazzmusicarchives.com/artist/nolatet
NATIONAL HEALTH,Jazz Related Rock,United Kingdom,http://www.jazzmusicarchives.com/artist/national-health
AARON NORTHERN,RnB,United States,http://www.jazzmusicarchives.com/artist/aaron-northern
MARCIN NOWAKOWSKI,Pop/Art Song/Folk,Poland,http://www.jazzmusicarchives.com/artist/marcin-nowakowski
MICHAEL NAURA,Fusion / Hard Bop / Vocal Jazz / Post-Fusion Contemporary / Bop,Lithuania,http://www.jazzmusicarchives.com/artist/michael-naura
NASSAUN FASAANI,Fusion,Finland,http://www.jazzmusicarchives.com/artist/nassaun-fasaani
NEUFELD-OCCHIPINTI JAZZ ORCHESTRA (NOJO),Progressive Big Band,Canada,http://www.jazzmusicarchives.com/artist/neufeld-occhipinti-jazz-orchestra-nojo
RED NORVO,Cool Jazz / Bop / Swing,United States,http://www.jazzmusicarchives.com/artist/red-norvo
THE NEW JAZZ ORCHESTRA,Progressive Big Band,United Kingdom,http://www.jazzmusicarchives.com/artist/the-new-jazz-orchestra
NIGHT CRAWLERS,Soul Jazz,Canada,http://www.jazzmusicarchives.com/artist/night-crawlers
NEW YORK CITY ARTISTS' COLLECTIVE,Eclectic Fusion,United States,http://www.jazzmusicarchives.com/artist/new-york-city-artists-collective
CLOVIS NICOLAS,Hard Bop / Third Stream / Post Bop,Ivory Coast,http://www.jazzmusicarchives.com/artist/clovis-nicolas
NAIMA,Nu Jazz,Spain,http://www.jazzmusicarchives.com/artist/naima
QUINSIN NACHOFF,21st Century Modern / Third Stream,Canada,http://www.jazzmusicarchives.com/artist/quinsin-nachoff
KOKORO NAKAJIMA,Post Bop,Japan,http://www.jazzmusicarchives.com/artist/kokoro-nakajima
ANGELIKA NIESCIER,Avant-Garde Jazz / 21st Century Modern,Poland,http://www.jazzmusicarchives.com/artist/angelika-niescier
STEVE NOBLE,Jazz Related Improv/Composition / Avant-Garde Jazz,United Kingdom,http://www.jazzmusicarchives.com/artist/steve-noble
NITE BJUTI,African Fusion,United States,http://www.jazzmusicarchives.com/artist/nite-bjuti
NAKED CITY,Eclectic Fusion,United States,http://www.jazzmusicarchives.com/artist/naked-city
NG4 QUARTET,Jazz Related Improv/Composition,United Kingdom,http://www.jazzmusicarchives.com/artist/ng4-quartet
NILS,Pop/Art Song/Folk / RnB,Germany,http://www.jazzmusicarchives.com/artist/nills
NEIGHBOURHOOD,Funk Jazz,Sweden,http://www.jazzmusicarchives.com/artist/neighbourhood
PASCAL NIGGENKEMPER,Jazz Related Improv/Composition / Avant-Garde Jazz,Germany,http://www.jazzmusicarchives.com/artist/pascal-niggenkemper
NEW ORLEANS JAZZ ORCHESTRA,Vocal Jazz / RnB / Big Band,United States,http://www.jazzmusicarchives.com/artist/new-orleans-jazz-orchestra
ADAM NUSSBAUM,Blues,United States,http://www.jazzmusicarchives.com/artist/adam-nussbaum
NATURAL INFORMATION SOCIETY (JOSHUA ABRAMS NATURAL INFORMATION SOCIETY),Nu Jazz / World Fusion / Jazz Related Improv/Composition / Eclectic Fusion,United States,http://www.jazzmusicarchives.com/artist/natural-information-society-joshua-abrams-natural-information-society
NO BASE TRIO,Jazz Related Improv/Composition,Puerto Rico,http://www.jazzmusicarchives.com/artist/no-base-trio
NEO (FRANCE),Jazz Related Rock,France,http://www.jazzmusicarchives.com/artist/neo-france
PAOLO 'APOLLO' NEGRI,Acid Jazz / Soul Jazz / RnB,Italy,http://www.jazzmusicarchives.com/artist/paolo-apollo-negri
OZ NOY,Blues / RnB / Fusion / Soul Jazz / Hard Bop / Funk Jazz,Israel,http://www.jazzmusicarchives.com/artist/oz-noy
MONIK NORDINE,Hard Bop / Soul Jazz / Post Bop,Canada,http://www.jazzmusicarchives.com/artist/monik-nordine
LAUREN NEWTON,Avant-Garde Jazz / Jazz Related Improv/Composition / Vocal Jazz,United States,http://www.jazzmusicarchives.com/artist/lauren-newton
THE NEW MASTERSOUNDS,Acid Jazz / Funk Jazz / Funk,United Kingdom,http://www.jazzmusicarchives.com/artist/the-new-mastersounds
THE N.Y. HARDBOP QUINTET,Hard Bop,United States,http://www.jazzmusicarchives.com/artist/the-ny-hardbop-quintet
DAN NIMMER,Hard Bop,United States,http://www.jazzmusicarchives.com/artist/dan-nimmer
MANUEL (MANU) NUÑEZ,Fusion / Post-Fusion Contemporary,Argentina,http://www.jazzmusicarchives.com/artist/manuel-manu-nunez
NIMA COLLECTIVE,Jazz Related Rock,United States,http://www.jazzmusicarchives.com/artist/nima-collective
CHARLES NEVILLE,World Fusion,United States,http://www.jazzmusicarchives.com/artist/charles-neville
HERBIE NICHOLS,Post Bop,United States,http://www.jazzmusicarchives.com/artist/herbie-nichols
NOMADE ORQUESTRA,World Fusion / Dub/Ska/Reggae,Brazil,http://www.jazzmusicarchives.com/artist/nomade-orquestra
NEON CITY PILOT,Fusion,Australia,http://www.jazzmusicarchives.com/artist/neon-city-pilot
SEB QUARTET NECCA,Fusion,France,http://www.jazzmusicarchives.com/artist/seb-necca-quartet
LUCAS NIGGLI,Jazz Related Improv/Composition / Avant-Garde Jazz / 21st Century Modern,Cameroon,http://www.jazzmusicarchives.com/artist/lucas-niggli
NARANJA QUINTETO,Fusion,Argentina,http://www.jazzmusicarchives.com/artist/naranja-quinteto
MATT NELSON,Post Bop,United States,http://www.jazzmusicarchives.com/artist/matt-nelson
SHELLEY NEILL,Vocal Jazz,United States,http://www.jazzmusicarchives.com/artist/shelley-neill
NEK TRIO (N3K),RnB,Canada,http://www.jazzmusicarchives.com/artist/nek-trio-n3k
ALEX NORRIS,Hard Bop,United States,http://www.jazzmusicarchives.com/artist/alex-norris
NO END OF NOW,Nu Jazz / Eclectic Fusion,United States,http://www.jazzmusicarchives.com/artist/no-end-of-now
NEO (ITALY),Jazz Related Improv/Composition,Italy,http://www.jazzmusicarchives.com/artist/neo-italy
ROLF-ERIK NYSTRØM,Jazz Related Improv/Composition,Norway,http://www.jazzmusicarchives.com/artist/rolf-erik-nystrøm
NORDMANN,Jazz Related Rock,Belgium,http://www.jazzmusicarchives.com/artist/nordmann
NINETEEN EIGHTY-TWO (1982),Jazz Related Improv/Composition,Norway,http://www.jazzmusicarchives.com/artist/1982
SHARON RAE NORTH,Vocal Jazz / RnB / Pop/Art Song/Folk,United States,http://www.jazzmusicarchives.com/artist/sharon-rae-north
NIACIN,Fusion,United States,http://www.jazzmusicarchives.com/artist/niacin
FERENC NEMETH,Post-Fusion Contemporary / Fusion,Hungary,http://www.jazzmusicarchives.com/artist/ferenc-nemeth
